ano,variavel,ocorrencias,outlier,estatistica,valor
2007,apreensao_drogas,580,False,count,18.0
2007,apreensao_drogas,580,False,mean,1072.5555555555557
2007,apreensao_drogas,580,False,std,837.3947851185787
2007,apreensao_drogas,580,False,min,117.0
2007,apreensao_drogas,580,False,25%,439.75
2007,apreensao_drogas,580,False,50%,898.0
2007,apreensao_drogas,580,False,75%,1382.25
2007,apreensao_drogas,580,False,max,2744.0
2007,apreensao_drogas,580,False,mediana,898.0
2007,apreensao_drogas,580,False,dist_media_mediana,174.55555555555566
2007,apreensao_drogas,580,False,Q1,439.75
2007,apreensao_drogas,580,False,Q2,898.0
2007,apreensao_drogas,580,False,Q3,1382.25
2008,apreensao_drogas,526,False,count,18.0
2008,apreensao_drogas,526,False,mean,1072.5555555555557
2008,apreensao_drogas,526,False,std,837.3947851185787
2008,apreensao_drogas,526,False,min,117.0
2008,apreensao_drogas,526,False,25%,439.75
2008,apreensao_drogas,526,False,50%,898.0
2008,apreensao_drogas,526,False,75%,1382.25
2008,apreensao_drogas,526,False,max,2744.0
2008,apreensao_drogas,526,False,mediana,898.0
2008,apreensao_drogas,526,False,dist_media_mediana,174.55555555555566
2008,apreensao_drogas,526,False,Q1,439.75
2008,apreensao_drogas,526,False,Q2,898.0
2008,apreensao_drogas,526,False,Q3,1382.25
2009,apreensao_drogas,947,False,count,18.0
2009,apreensao_drogas,947,False,mean,1072.5555555555557
2009,apreensao_drogas,947,False,std,837.3947851185787
2009,apreensao_drogas,947,False,min,117.0
2009,apreensao_drogas,947,False,25%,439.75
2009,apreensao_drogas,947,False,50%,898.0
2009,apreensao_drogas,947,False,75%,1382.25
2009,apreensao_drogas,947,False,max,2744.0
2009,apreensao_drogas,947,False,mediana,898.0
2009,apreensao_drogas,947,False,dist_media_mediana,174.55555555555566
2009,apreensao_drogas,947,False,Q1,439.75
2009,apreensao_drogas,947,False,Q2,898.0
2009,apreensao_drogas,947,False,Q3,1382.25
2010,apreensao_drogas,912,False,count,18.0
2010,apreensao_drogas,912,False,mean,1072.5555555555557
2010,apreensao_drogas,912,False,std,837.3947851185787
2010,apreensao_drogas,912,False,min,117.0
2010,apreensao_drogas,912,False,25%,439.75
2010,apreensao_drogas,912,False,50%,898.0
2010,apreensao_drogas,912,False,75%,1382.25
2010,apreensao_drogas,912,False,max,2744.0
2010,apreensao_drogas,912,False,mediana,898.0
2010,apreensao_drogas,912,False,dist_media_mediana,174.55555555555566
2010,apreensao_drogas,912,False,Q1,439.75
2010,apreensao_drogas,912,False,Q2,898.0
2010,apreensao_drogas,912,False,Q3,1382.25
2011,apreensao_drogas,1392,False,count,18.0
2011,apreensao_drogas,1392,False,mean,1072.5555555555557
2011,apreensao_drogas,1392,False,std,837.3947851185787
2011,apreensao_drogas,1392,False,min,117.0
2011,apreensao_drogas,1392,False,25%,439.75
2011,apreensao_drogas,1392,False,50%,898.0
2011,apreensao_drogas,1392,False,75%,1382.25
2011,apreensao_drogas,1392,False,max,2744.0
2011,apreensao_drogas,1392,False,mediana,898.0
2011,apreensao_drogas,1392,False,dist_media_mediana,174.55555555555566
2011,apreensao_drogas,1392,False,Q1,439.75
2011,apreensao_drogas,1392,False,Q2,898.0
2011,apreensao_drogas,1392,False,Q3,1382.25
2012,apreensao_drogas,1947,False,count,18.0
2012,apreensao_drogas,1947,False,mean,1072.5555555555557
2012,apreensao_drogas,1947,False,std,837.3947851185787
2012,apreensao_drogas,1947,False,min,117.0
2012,apreensao_drogas,1947,False,25%,439.75
2012,apreensao_drogas,1947,False,50%,898.0
2012,apreensao_drogas,1947,False,75%,1382.25
2012,apreensao_drogas,1947,False,max,2744.0
2012,apreensao_drogas,1947,False,mediana,898.0
2012,apreensao_drogas,1947,False,dist_media_mediana,174.55555555555566
2012,apreensao_drogas,1947,False,Q1,439.75
2012,apreensao_drogas,1947,False,Q2,898.0
2012,apreensao_drogas,1947,False,Q3,1382.25
2013,apreensao_drogas,2564,False,count,18.0
2013,apreensao_drogas,2564,False,mean,1072.5555555555557
2013,apreensao_drogas,2564,False,std,837.3947851185787
2013,apreensao_drogas,2564,False,min,117.0
2013,apreensao_drogas,2564,False,25%,439.75
2013,apreensao_drogas,2564,False,50%,898.0
2013,apreensao_drogas,2564,False,75%,1382.25
2013,apreensao_drogas,2564,False,max,2744.0
2013,apreensao_drogas,2564,False,mediana,898.0
2013,apreensao_drogas,2564,False,dist_media_mediana,174.55555555555566
2013,apreensao_drogas,2564,False,Q1,439.75
2013,apreensao_drogas,2564,False,Q2,898.0
2013,apreensao_drogas,2564,False,Q3,1382.25
2014,apreensao_drogas,2744,False,count,18.0
2014,apreensao_drogas,2744,False,mean,1072.5555555555557
2014,apreensao_drogas,2744,False,std,837.3947851185787
2014,apreensao_drogas,2744,False,min,117.0
2014,apreensao_drogas,2744,False,25%,439.75
2014,apreensao_drogas,2744,False,50%,898.0
2014,apreensao_drogas,2744,False,75%,1382.25
2014,apreensao_drogas,2744,False,max,2744.0
2014,apreensao_drogas,2744,False,mediana,898.0
2014,apreensao_drogas,2744,False,dist_media_mediana,174.55555555555566
2014,apreensao_drogas,2744,False,Q1,439.75
2014,apreensao_drogas,2744,False,Q2,898.0
2014,apreensao_drogas,2744,False,Q3,1382.25
2015,apreensao_drogas,2469,False,count,18.0
2015,apreensao_drogas,2469,False,mean,1072.5555555555557
2015,apreensao_drogas,2469,False,std,837.3947851185787
2015,apreensao_drogas,2469,False,min,117.0
2015,apreensao_drogas,2469,False,25%,439.75
2015,apreensao_drogas,2469,False,50%,898.0
2015,apreensao_drogas,2469,False,75%,1382.25
2015,apreensao_drogas,2469,False,max,2744.0
2015,apreensao_drogas,2469,False,mediana,898.0
2015,apreensao_drogas,2469,False,dist_media_mediana,174.55555555555566
2015,apreensao_drogas,2469,False,Q1,439.75
2015,apreensao_drogas,2469,False,Q2,898.0
2015,apreensao_drogas,2469,False,Q3,1382.25
2016,apreensao_drogas,1353,False,count,18.0
2016,apreensao_drogas,1353,False,mean,1072.5555555555557
2016,apreensao_drogas,1353,False,std,837.3947851185787
2016,apreensao_drogas,1353,False,min,117.0
2016,apreensao_drogas,1353,False,25%,439.75
2016,apreensao_drogas,1353,False,50%,898.0
2016,apreensao_drogas,1353,False,75%,1382.25
2016,apreensao_drogas,1353,False,max,2744.0
2016,apreensao_drogas,1353,False,mediana,898.0
2016,apreensao_drogas,1353,False,dist_media_mediana,174.55555555555566
2016,apreensao_drogas,1353,False,Q1,439.75
2016,apreensao_drogas,1353,False,Q2,898.0
2016,apreensao_drogas,1353,False,Q3,1382.25
2017,apreensao_drogas,884,False,count,18.0
2017,apreensao_drogas,884,False,mean,1072.5555555555557
2017,apreensao_drogas,884,False,std,837.3947851185787
2017,apreensao_drogas,884,False,min,117.0
2017,apreensao_drogas,884,False,25%,439.75
2017,apreensao_drogas,884,False,50%,898.0
2017,apreensao_drogas,884,False,75%,1382.25
2017,apreensao_drogas,884,False,max,2744.0
2017,apreensao_drogas,884,False,mediana,898.0
2017,apreensao_drogas,884,False,dist_media_mediana,174.55555555555566
2017,apreensao_drogas,884,False,Q1,439.75
2017,apreensao_drogas,884,False,Q2,898.0
2017,apreensao_drogas,884,False,Q3,1382.25
2018,apreensao_drogas,932,False,count,18.0
2018,apreensao_drogas,932,False,mean,1072.5555555555557
2018,apreensao_drogas,932,False,std,837.3947851185787
2018,apreensao_drogas,932,False,min,117.0
2018,apreensao_drogas,932,False,25%,439.75
2018,apreensao_drogas,932,False,50%,898.0
2018,apreensao_drogas,932,False,75%,1382.25
2018,apreensao_drogas,932,False,max,2744.0
2018,apreensao_drogas,932,False,mediana,898.0
2018,apreensao_drogas,932,False,dist_media_mediana,174.55555555555566
2018,apreensao_drogas,932,False,Q1,439.75
2018,apreensao_drogas,932,False,Q2,898.0
2018,apreensao_drogas,932,False,Q3,1382.25
2019,apreensao_drogas,646,False,count,18.0
2019,apreensao_drogas,646,False,mean,1072.5555555555557
2019,apreensao_drogas,646,False,std,837.3947851185787
2019,apreensao_drogas,646,False,min,117.0
2019,apreensao_drogas,646,False,25%,439.75
2019,apreensao_drogas,646,False,50%,898.0
2019,apreensao_drogas,646,False,75%,1382.25
2019,apreensao_drogas,646,False,max,2744.0
2019,apreensao_drogas,646,False,mediana,898.0
2019,apreensao_drogas,646,False,dist_media_mediana,174.55555555555566
2019,apreensao_drogas,646,False,Q1,439.75
2019,apreensao_drogas,646,False,Q2,898.0
2019,apreensao_drogas,646,False,Q3,1382.25
2020,apreensao_drogas,389,False,count,18.0
2020,apreensao_drogas,389,False,mean,1072.5555555555557
2020,apreensao_drogas,389,False,std,837.3947851185787
2020,apreensao_drogas,389,False,min,117.0
2020,apreensao_drogas,389,False,25%,439.75
2020,apreensao_drogas,389,False,50%,898.0
2020,apreensao_drogas,389,False,75%,1382.25
2020,apreensao_drogas,389,False,max,2744.0
2020,apreensao_drogas,389,False,mediana,898.0
2020,apreensao_drogas,389,False,dist_media_mediana,174.55555555555566
2020,apreensao_drogas,389,False,Q1,439.75
2020,apreensao_drogas,389,False,Q2,898.0
2020,apreensao_drogas,389,False,Q3,1382.25
2021,apreensao_drogas,411,False,count,18.0
2021,apreensao_drogas,411,False,mean,1072.5555555555557
2021,apreensao_drogas,411,False,std,837.3947851185787
2021,apreensao_drogas,411,False,min,117.0
2021,apreensao_drogas,411,False,25%,439.75
2021,apreensao_drogas,411,False,50%,898.0
2021,apreensao_drogas,411,False,75%,1382.25
2021,apreensao_drogas,411,False,max,2744.0
2021,apreensao_drogas,411,False,mediana,898.0
2021,apreensao_drogas,411,False,dist_media_mediana,174.55555555555566
2021,apreensao_drogas,411,False,Q1,439.75
2021,apreensao_drogas,411,False,Q2,898.0
2021,apreensao_drogas,411,False,Q3,1382.25
2022,apreensao_drogas,199,False,count,18.0
2022,apreensao_drogas,199,False,mean,1072.5555555555557
2022,apreensao_drogas,199,False,std,837.3947851185787
2022,apreensao_drogas,199,False,min,117.0
2022,apreensao_drogas,199,False,25%,439.75
2022,apreensao_drogas,199,False,50%,898.0
2022,apreensao_drogas,199,False,75%,1382.25
2022,apreensao_drogas,199,False,max,2744.0
2022,apreensao_drogas,199,False,mediana,898.0
2022,apreensao_drogas,199,False,dist_media_mediana,174.55555555555566
2022,apreensao_drogas,199,False,Q1,439.75
2022,apreensao_drogas,199,False,Q2,898.0
2022,apreensao_drogas,199,False,Q3,1382.25
2023,apreensao_drogas,294,False,count,18.0
2023,apreensao_drogas,294,False,mean,1072.5555555555557
2023,apreensao_drogas,294,False,std,837.3947851185787
2023,apreensao_drogas,294,False,min,117.0
2023,apreensao_drogas,294,False,25%,439.75
2023,apreensao_drogas,294,False,50%,898.0
2023,apreensao_drogas,294,False,75%,1382.25
2023,apreensao_drogas,294,False,max,2744.0
2023,apreensao_drogas,294,False,mediana,898.0
2023,apreensao_drogas,294,False,dist_media_mediana,174.55555555555566
2023,apreensao_drogas,294,False,Q1,439.75
2023,apreensao_drogas,294,False,Q2,898.0
2023,apreensao_drogas,294,False,Q3,1382.25
2024,apreensao_drogas,117,False,count,18.0
2024,apreensao_drogas,117,False,mean,1072.5555555555557
2024,apreensao_drogas,117,False,std,837.3947851185787
2024,apreensao_drogas,117,False,min,117.0
2024,apreensao_drogas,117,False,25%,439.75
2024,apreensao_drogas,117,False,50%,898.0
2024,apreensao_drogas,117,False,75%,1382.25
2024,apreensao_drogas,117,False,max,2744.0
2024,apreensao_drogas,117,False,mediana,898.0
2024,apreensao_drogas,117,False,dist_media_mediana,174.55555555555566
2024,apreensao_drogas,117,False,Q1,439.75
2024,apreensao_drogas,117,False,Q2,898.0
2024,apreensao_drogas,117,False,Q3,1382.25
2007,recuperacao_veiculos,797,False,count,18.0
2007,recuperacao_veiculos,797,False,mean,635.1111111111111
2007,recuperacao_veiculos,797,False,std,327.84804386984075
2007,recuperacao_veiculos,797,False,min,147.0
2007,recuperacao_veiculos,797,False,25%,457.25
2007,recuperacao_veiculos,797,False,50%,587.5
2007,recuperacao_veiculos,797,False,75%,707.75
2007,recuperacao_veiculos,797,False,max,1426.0
2007,recuperacao_veiculos,797,False,mediana,587.5
2007,recuperacao_veiculos,797,False,dist_media_mediana,47.611111111111086
2007,recuperacao_veiculos,797,False,Q1,457.25
2007,recuperacao_veiculos,797,False,Q2,587.5
2007,recuperacao_veiculos,797,False,Q3,707.75
2008,recuperacao_veiculos,701,False,count,18.0
2008,recuperacao_veiculos,701,False,mean,635.1111111111111
2008,recuperacao_veiculos,701,False,std,327.84804386984075
2008,recuperacao_veiculos,701,False,min,147.0
2008,recuperacao_veiculos,701,False,25%,457.25
2008,recuperacao_veiculos,701,False,50%,587.5
2008,recuperacao_veiculos,701,False,75%,707.75
2008,recuperacao_veiculos,701,False,max,1426.0
2008,recuperacao_veiculos,701,False,mediana,587.5
2008,recuperacao_veiculos,701,False,dist_media_mediana,47.611111111111086
2008,recuperacao_veiculos,701,False,Q1,457.25
2008,recuperacao_veiculos,701,False,Q2,587.5
2008,recuperacao_veiculos,701,False,Q3,707.75
2009,recuperacao_veiculos,589,False,count,18.0
2009,recuperacao_veiculos,589,False,mean,635.1111111111111
2009,recuperacao_veiculos,589,False,std,327.84804386984075
2009,recuperacao_veiculos,589,False,min,147.0
2009,recuperacao_veiculos,589,False,25%,457.25
2009,recuperacao_veiculos,589,False,50%,587.5
2009,recuperacao_veiculos,589,False,75%,707.75
2009,recuperacao_veiculos,589,False,max,1426.0
2009,recuperacao_veiculos,589,False,mediana,587.5
2009,recuperacao_veiculos,589,False,dist_media_mediana,47.611111111111086
2009,recuperacao_veiculos,589,False,Q1,457.25
2009,recuperacao_veiculos,589,False,Q2,587.5
2009,recuperacao_veiculos,589,False,Q3,707.75
2010,recuperacao_veiculos,710,False,count,18.0
2010,recuperacao_veiculos,710,False,mean,635.1111111111111
2010,recuperacao_veiculos,710,False,std,327.84804386984075
2010,recuperacao_veiculos,710,False,min,147.0
2010,recuperacao_veiculos,710,False,25%,457.25
2010,recuperacao_veiculos,710,False,50%,587.5
2010,recuperacao_veiculos,710,False,75%,707.75
2010,recuperacao_veiculos,710,False,max,1426.0
2010,recuperacao_veiculos,710,False,mediana,587.5
2010,recuperacao_veiculos,710,False,dist_media_mediana,47.611111111111086
2010,recuperacao_veiculos,710,False,Q1,457.25
2010,recuperacao_veiculos,710,False,Q2,587.5
2010,recuperacao_veiculos,710,False,Q3,707.75
2011,recuperacao_veiculos,454,False,count,18.0
2011,recuperacao_veiculos,454,False,mean,635.1111111111111
2011,recuperacao_veiculos,454,False,std,327.84804386984075
2011,recuperacao_veiculos,454,False,min,147.0
2011,recuperacao_veiculos,454,False,25%,457.25
2011,recuperacao_veiculos,454,False,50%,587.5
2011,recuperacao_veiculos,454,False,75%,707.75
2011,recuperacao_veiculos,454,False,max,1426.0
2011,recuperacao_veiculos,454,False,mediana,587.5
2011,recuperacao_veiculos,454,False,dist_media_mediana,47.611111111111086
2011,recuperacao_veiculos,454,False,Q1,457.25
2011,recuperacao_veiculos,454,False,Q2,587.5
2011,recuperacao_veiculos,454,False,Q3,707.75
2012,recuperacao_veiculos,467,False,count,18.0
2012,recuperacao_veiculos,467,False,mean,635.1111111111111
2012,recuperacao_veiculos,467,False,std,327.84804386984075
2012,recuperacao_veiculos,467,False,min,147.0
2012,recuperacao_veiculos,467,False,25%,457.25
2012,recuperacao_veiculos,467,False,50%,587.5
2012,recuperacao_veiculos,467,False,75%,707.75
2012,recuperacao_veiculos,467,False,max,1426.0
2012,recuperacao_veiculos,467,False,mediana,587.5
2012,recuperacao_veiculos,467,False,dist_media_mediana,47.611111111111086
2012,recuperacao_veiculos,467,False,Q1,457.25
2012,recuperacao_veiculos,467,False,Q2,587.5
2012,recuperacao_veiculos,467,False,Q3,707.75
2013,recuperacao_veiculos,489,False,count,18.0
2013,recuperacao_veiculos,489,False,mean,635.1111111111111
2013,recuperacao_veiculos,489,False,std,327.84804386984075
2013,recuperacao_veiculos,489,False,min,147.0
2013,recuperacao_veiculos,489,False,25%,457.25
2013,recuperacao_veiculos,489,False,50%,587.5
2013,recuperacao_veiculos,489,False,75%,707.75
2013,recuperacao_veiculos,489,False,max,1426.0
2013,recuperacao_veiculos,489,False,mediana,587.5
2013,recuperacao_veiculos,489,False,dist_media_mediana,47.611111111111086
2013,recuperacao_veiculos,489,False,Q1,457.25
2013,recuperacao_veiculos,489,False,Q2,587.5
2013,recuperacao_veiculos,489,False,Q3,707.75
2014,recuperacao_veiculos,586,False,count,18.0
2014,recuperacao_veiculos,586,False,mean,635.1111111111111
2014,recuperacao_veiculos,586,False,std,327.84804386984075
2014,recuperacao_veiculos,586,False,min,147.0
2014,recuperacao_veiculos,586,False,25%,457.25
2014,recuperacao_veiculos,586,False,50%,587.5
2014,recuperacao_veiculos,586,False,75%,707.75
2014,recuperacao_veiculos,586,False,max,1426.0
2014,recuperacao_veiculos,586,False,mediana,587.5
2014,recuperacao_veiculos,586,False,dist_media_mediana,47.611111111111086
2014,recuperacao_veiculos,586,False,Q1,457.25
2014,recuperacao_veiculos,586,False,Q2,587.5
2014,recuperacao_veiculos,586,False,Q3,707.75
2015,recuperacao_veiculos,413,False,count,18.0
2015,recuperacao_veiculos,413,False,mean,635.1111111111111
2015,recuperacao_veiculos,413,False,std,327.84804386984075
2015,recuperacao_veiculos,413,False,min,147.0
2015,recuperacao_veiculos,413,False,25%,457.25
2015,recuperacao_veiculos,413,False,50%,587.5
2015,recuperacao_veiculos,413,False,75%,707.75
2015,recuperacao_veiculos,413,False,max,1426.0
2015,recuperacao_veiculos,413,False,mediana,587.5
2015,recuperacao_veiculos,413,False,dist_media_mediana,47.611111111111086
2015,recuperacao_veiculos,413,False,Q1,457.25
2015,recuperacao_veiculos,413,False,Q2,587.5
2015,recuperacao_veiculos,413,False,Q3,707.75
2016,recuperacao_veiculos,654,False,count,18.0
2016,recuperacao_veiculos,654,False,mean,635.1111111111111
2016,recuperacao_veiculos,654,False,std,327.84804386984075
2016,recuperacao_veiculos,654,False,min,147.0
2016,recuperacao_veiculos,654,False,25%,457.25
2016,recuperacao_veiculos,654,False,50%,587.5
2016,recuperacao_veiculos,654,False,75%,707.75
2016,recuperacao_veiculos,654,False,max,1426.0
2016,recuperacao_veiculos,654,False,mediana,587.5
2016,recuperacao_veiculos,654,False,dist_media_mediana,47.611111111111086
2016,recuperacao_veiculos,654,False,Q1,457.25
2016,recuperacao_veiculos,654,False,Q2,587.5
2016,recuperacao_veiculos,654,False,Q3,707.75
2017,recuperacao_veiculos,1426,True,count,18.0
2017,recuperacao_veiculos,1426,True,mean,635.1111111111111
2017,recuperacao_veiculos,1426,True,std,327.84804386984075
2017,recuperacao_veiculos,1426,True,min,147.0
2017,recuperacao_veiculos,1426,True,25%,457.25
2017,recuperacao_veiculos,1426,True,50%,587.5
2017,recuperacao_veiculos,1426,True,75%,707.75
2017,recuperacao_veiculos,1426,True,max,1426.0
2017,recuperacao_veiculos,1426,True,mediana,587.5
2017,recuperacao_veiculos,1426,True,dist_media_mediana,47.611111111111086
2017,recuperacao_veiculos,1426,True,Q1,457.25
2017,recuperacao_veiculos,1426,True,Q2,587.5
2017,recuperacao_veiculos,1426,True,Q3,707.75
2018,recuperacao_veiculos,1360,True,count,18.0
2018,recuperacao_veiculos,1360,True,mean,635.1111111111111
2018,recuperacao_veiculos,1360,True,std,327.84804386984075
2018,recuperacao_veiculos,1360,True,min,147.0
2018,recuperacao_veiculos,1360,True,25%,457.25
2018,recuperacao_veiculos,1360,True,50%,587.5
2018,recuperacao_veiculos,1360,True,75%,707.75
2018,recuperacao_veiculos,1360,True,max,1426.0
2018,recuperacao_veiculos,1360,True,mediana,587.5
2018,recuperacao_veiculos,1360,True,dist_media_mediana,47.611111111111086
2018,recuperacao_veiculos,1360,True,Q1,457.25
2018,recuperacao_veiculos,1360,True,Q2,587.5
2018,recuperacao_veiculos,1360,True,Q3,707.75
2019,recuperacao_veiculos,828,False,count,18.0
2019,recuperacao_veiculos,828,False,mean,635.1111111111111
2019,recuperacao_veiculos,828,False,std,327.84804386984075
2019,recuperacao_veiculos,828,False,min,147.0
2019,recuperacao_veiculos,828,False,25%,457.25
2019,recuperacao_veiculos,828,False,50%,587.5
2019,recuperacao_veiculos,828,False,75%,707.75
2019,recuperacao_veiculos,828,False,max,1426.0
2019,recuperacao_veiculos,828,False,mediana,587.5
2019,recuperacao_veiculos,828,False,dist_media_mediana,47.611111111111086
2019,recuperacao_veiculos,828,False,Q1,457.25
2019,recuperacao_veiculos,828,False,Q2,587.5
2019,recuperacao_veiculos,828,False,Q3,707.75
2020,recuperacao_veiculos,652,False,count,18.0
2020,recuperacao_veiculos,652,False,mean,635.1111111111111
2020,recuperacao_veiculos,652,False,std,327.84804386984075
2020,recuperacao_veiculos,652,False,min,147.0
2020,recuperacao_veiculos,652,False,25%,457.25
2020,recuperacao_veiculos,652,False,50%,587.5
2020,recuperacao_veiculos,652,False,75%,707.75
2020,recuperacao_veiculos,652,False,max,1426.0
2020,recuperacao_veiculos,652,False,mediana,587.5
2020,recuperacao_veiculos,652,False,dist_media_mediana,47.611111111111086
2020,recuperacao_veiculos,652,False,Q1,457.25
2020,recuperacao_veiculos,652,False,Q2,587.5
2020,recuperacao_veiculos,652,False,Q3,707.75
2021,recuperacao_veiculos,385,False,count,18.0
2021,recuperacao_veiculos,385,False,mean,635.1111111111111
2021,recuperacao_veiculos,385,False,std,327.84804386984075
2021,recuperacao_veiculos,385,False,min,147.0
2021,recuperacao_veiculos,385,False,25%,457.25
2021,recuperacao_veiculos,385,False,50%,587.5
2021,recuperacao_veiculos,385,False,75%,707.75
2021,recuperacao_veiculos,385,False,max,1426.0
2021,recuperacao_veiculos,385,False,mediana,587.5
2021,recuperacao_veiculos,385,False,dist_media_mediana,47.611111111111086
2021,recuperacao_veiculos,385,False,Q1,457.25
2021,recuperacao_veiculos,385,False,Q2,587.5
2021,recuperacao_veiculos,385,False,Q3,707.75
2022,recuperacao_veiculos,242,False,count,18.0
2022,recuperacao_veiculos,242,False,mean,635.1111111111111
2022,recuperacao_veiculos,242,False,std,327.84804386984075
2022,recuperacao_veiculos,242,False,min,147.0
2022,recuperacao_veiculos,242,False,25%,457.25
2022,recuperacao_veiculos,242,False,50%,587.5
2022,recuperacao_veiculos,242,False,75%,707.75
2022,recuperacao_veiculos,242,False,max,1426.0
2022,recuperacao_veiculos,242,False,mediana,587.5
2022,recuperacao_veiculos,242,False,dist_media_mediana,47.611111111111086
2022,recuperacao_veiculos,242,False,Q1,457.25
2022,recuperacao_veiculos,242,False,Q2,587.5
2022,recuperacao_veiculos,242,False,Q3,707.75
2023,recuperacao_veiculos,532,False,count,18.0
2023,recuperacao_veiculos,532,False,mean,635.1111111111111
2023,recuperacao_veiculos,532,False,std,327.84804386984075
2023,recuperacao_veiculos,532,False,min,147.0
2023,recuperacao_veiculos,532,False,25%,457.25
2023,recuperacao_veiculos,532,False,50%,587.5
2023,recuperacao_veiculos,532,False,75%,707.75
2023,recuperacao_veiculos,532,False,max,1426.0
2023,recuperacao_veiculos,532,False,mediana,587.5
2023,recuperacao_veiculos,532,False,dist_media_mediana,47.611111111111086
2023,recuperacao_veiculos,532,False,Q1,457.25
2023,recuperacao_veiculos,532,False,Q2,587.5
2023,recuperacao_veiculos,532,False,Q3,707.75
2024,recuperacao_veiculos,147,False,count,18.0
2024,recuperacao_veiculos,147,False,mean,635.1111111111111
2024,recuperacao_veiculos,147,False,std,327.84804386984075
2024,recuperacao_veiculos,147,False,min,147.0
2024,recuperacao_veiculos,147,False,25%,457.25
2024,recuperacao_veiculos,147,False,50%,587.5
2024,recuperacao_veiculos,147,False,75%,707.75
2024,recuperacao_veiculos,147,False,max,1426.0
2024,recuperacao_veiculos,147,False,mediana,587.5
2024,recuperacao_veiculos,147,False,dist_media_mediana,47.611111111111086
2024,recuperacao_veiculos,147,False,Q1,457.25
2024,recuperacao_veiculos,147,False,Q2,587.5
2024,recuperacao_veiculos,147,False,Q3,707.75
2007,armas_apreendidas,757,True,count,18.0
2007,armas_apreendidas,757,True,mean,294.44444444444446
2007,armas_apreendidas,757,True,std,170.84778991916002
2007,armas_apreendidas,757,True,min,65.0
2007,armas_apreendidas,757,True,25%,167.0
2007,armas_apreendidas,757,True,50%,292.5
2007,armas_apreendidas,757,True,75%,379.5
2007,armas_apreendidas,757,True,max,757.0
2007,armas_apreendidas,757,True,mediana,292.5
2007,armas_apreendidas,757,True,dist_media_mediana,1.944444444444457
2007,armas_apreendidas,757,True,Q1,167.0
2007,armas_apreendidas,757,True,Q2,292.5
2007,armas_apreendidas,757,True,Q3,379.5
2008,armas_apreendidas,498,False,count,18.0
2008,armas_apreendidas,498,False,mean,294.44444444444446
2008,armas_apreendidas,498,False,std,170.84778991916002
2008,armas_apreendidas,498,False,min,65.0
2008,armas_apreendidas,498,False,25%,167.0
2008,armas_apreendidas,498,False,50%,292.5
2008,armas_apreendidas,498,False,75%,379.5
2008,armas_apreendidas,498,False,max,757.0
2008,armas_apreendidas,498,False,mediana,292.5
2008,armas_apreendidas,498,False,dist_media_mediana,1.944444444444457
2008,armas_apreendidas,498,False,Q1,167.0
2008,armas_apreendidas,498,False,Q2,292.5
2008,armas_apreendidas,498,False,Q3,379.5
2009,armas_apreendidas,458,False,count,18.0
2009,armas_apreendidas,458,False,mean,294.44444444444446
2009,armas_apreendidas,458,False,std,170.84778991916002
2009,armas_apreendidas,458,False,min,65.0
2009,armas_apreendidas,458,False,25%,167.0
2009,armas_apreendidas,458,False,50%,292.5
2009,armas_apreendidas,458,False,75%,379.5
2009,armas_apreendidas,458,False,max,757.0
2009,armas_apreendidas,458,False,mediana,292.5
2009,armas_apreendidas,458,False,dist_media_mediana,1.944444444444457
2009,armas_apreendidas,458,False,Q1,167.0
2009,armas_apreendidas,458,False,Q2,292.5
2009,armas_apreendidas,458,False,Q3,379.5
2010,armas_apreendidas,274,False,count,18.0
2010,armas_apreendidas,274,False,mean,294.44444444444446
2010,armas_apreendidas,274,False,std,170.84778991916002
2010,armas_apreendidas,274,False,min,65.0
2010,armas_apreendidas,274,False,25%,167.0
2010,armas_apreendidas,274,False,50%,292.5
2010,armas_apreendidas,274,False,75%,379.5
2010,armas_apreendidas,274,False,max,757.0
2010,armas_apreendidas,274,False,mediana,292.5
2010,armas_apreendidas,274,False,dist_media_mediana,1.944444444444457
2010,armas_apreendidas,274,False,Q1,167.0
2010,armas_apreendidas,274,False,Q2,292.5
2010,armas_apreendidas,274,False,Q3,379.5
2011,armas_apreendidas,311,False,count,18.0
2011,armas_apreendidas,311,False,mean,294.44444444444446
2011,armas_apreendidas,311,False,std,170.84778991916002
2011,armas_apreendidas,311,False,min,65.0
2011,armas_apreendidas,311,False,25%,167.0
2011,armas_apreendidas,311,False,50%,292.5
2011,armas_apreendidas,311,False,75%,379.5
2011,armas_apreendidas,311,False,max,757.0
2011,armas_apreendidas,311,False,mediana,292.5
2011,armas_apreendidas,311,False,dist_media_mediana,1.944444444444457
2011,armas_apreendidas,311,False,Q1,167.0
2011,armas_apreendidas,311,False,Q2,292.5
2011,armas_apreendidas,311,False,Q3,379.5
2012,armas_apreendidas,224,False,count,18.0
2012,armas_apreendidas,224,False,mean,294.44444444444446
2012,armas_apreendidas,224,False,std,170.84778991916002
2012,armas_apreendidas,224,False,min,65.0
2012,armas_apreendidas,224,False,25%,167.0
2012,armas_apreendidas,224,False,50%,292.5
2012,armas_apreendidas,224,False,75%,379.5
2012,armas_apreendidas,224,False,max,757.0
2012,armas_apreendidas,224,False,mediana,292.5
2012,armas_apreendidas,224,False,dist_media_mediana,1.944444444444457
2012,armas_apreendidas,224,False,Q1,167.0
2012,armas_apreendidas,224,False,Q2,292.5
2012,armas_apreendidas,224,False,Q3,379.5
2013,armas_apreendidas,160,False,count,18.0
2013,armas_apreendidas,160,False,mean,294.44444444444446
2013,armas_apreendidas,160,False,std,170.84778991916002
2013,armas_apreendidas,160,False,min,65.0
2013,armas_apreendidas,160,False,25%,167.0
2013,armas_apreendidas,160,False,50%,292.5
2013,armas_apreendidas,160,False,75%,379.5
2013,armas_apreendidas,160,False,max,757.0
2013,armas_apreendidas,160,False,mediana,292.5
2013,armas_apreendidas,160,False,dist_media_mediana,1.944444444444457
2013,armas_apreendidas,160,False,Q1,167.0
2013,armas_apreendidas,160,False,Q2,292.5
2013,armas_apreendidas,160,False,Q3,379.5
2014,armas_apreendidas,214,False,count,18.0
2014,armas_apreendidas,214,False,mean,294.44444444444446
2014,armas_apreendidas,214,False,std,170.84778991916002
2014,armas_apreendidas,214,False,min,65.0
2014,armas_apreendidas,214,False,25%,167.0
2014,armas_apreendidas,214,False,50%,292.5
2014,armas_apreendidas,214,False,75%,379.5
2014,armas_apreendidas,214,False,max,757.0
2014,armas_apreendidas,214,False,mediana,292.5
2014,armas_apreendidas,214,False,dist_media_mediana,1.944444444444457
2014,armas_apreendidas,214,False,Q1,167.0
2014,armas_apreendidas,214,False,Q2,292.5
2014,armas_apreendidas,214,False,Q3,379.5
2015,armas_apreendidas,345,False,count,18.0
2015,armas_apreendidas,345,False,mean,294.44444444444446
2015,armas_apreendidas,345,False,std,170.84778991916002
2015,armas_apreendidas,345,False,min,65.0
2015,armas_apreendidas,345,False,25%,167.0
2015,armas_apreendidas,345,False,50%,292.5
2015,armas_apreendidas,345,False,75%,379.5
2015,armas_apreendidas,345,False,max,757.0
2015,armas_apreendidas,345,False,mediana,292.5
2015,armas_apreendidas,345,False,dist_media_mediana,1.944444444444457
2015,armas_apreendidas,345,False,Q1,167.0
2015,armas_apreendidas,345,False,Q2,292.5
2015,armas_apreendidas,345,False,Q3,379.5
2016,armas_apreendidas,320,False,count,18.0
2016,armas_apreendidas,320,False,mean,294.44444444444446
2016,armas_apreendidas,320,False,std,170.84778991916002
2016,armas_apreendidas,320,False,min,65.0
2016,armas_apreendidas,320,False,25%,167.0
2016,armas_apreendidas,320,False,50%,292.5
2016,armas_apreendidas,320,False,75%,379.5
2016,armas_apreendidas,320,False,max,757.0
2016,armas_apreendidas,320,False,mediana,292.5
2016,armas_apreendidas,320,False,dist_media_mediana,1.944444444444457
2016,armas_apreendidas,320,False,Q1,167.0
2016,armas_apreendidas,320,False,Q2,292.5
2016,armas_apreendidas,320,False,Q3,379.5
2017,armas_apreendidas,395,False,count,18.0
2017,armas_apreendidas,395,False,mean,294.44444444444446
2017,armas_apreendidas,395,False,std,170.84778991916002
2017,armas_apreendidas,395,False,min,65.0
2017,armas_apreendidas,395,False,25%,167.0
2017,armas_apreendidas,395,False,50%,292.5
2017,armas_apreendidas,395,False,75%,379.5
2017,armas_apreendidas,395,False,max,757.0
2017,armas_apreendidas,395,False,mediana,292.5
2017,armas_apreendidas,395,False,dist_media_mediana,1.944444444444457
2017,armas_apreendidas,395,False,Q1,167.0
2017,armas_apreendidas,395,False,Q2,292.5
2017,armas_apreendidas,395,False,Q3,379.5
2018,armas_apreendidas,341,False,count,18.0
2018,armas_apreendidas,341,False,mean,294.44444444444446
2018,armas_apreendidas,341,False,std,170.84778991916002
2018,armas_apreendidas,341,False,min,65.0
2018,armas_apreendidas,341,False,25%,167.0
2018,armas_apreendidas,341,False,50%,292.5
2018,armas_apreendidas,341,False,75%,379.5
2018,armas_apreendidas,341,False,max,757.0
2018,armas_apreendidas,341,False,mediana,292.5
2018,armas_apreendidas,341,False,dist_media_mediana,1.944444444444457
2018,armas_apreendidas,341,False,Q1,167.0
2018,armas_apreendidas,341,False,Q2,292.5
2018,armas_apreendidas,341,False,Q3,379.5
2019,armas_apreendidas,391,False,count,18.0
2019,armas_apreendidas,391,False,mean,294.44444444444446
2019,armas_apreendidas,391,False,std,170.84778991916002
2019,armas_apreendidas,391,False,min,65.0
2019,armas_apreendidas,391,False,25%,167.0
2019,armas_apreendidas,391,False,50%,292.5
2019,armas_apreendidas,391,False,75%,379.5
2019,armas_apreendidas,391,False,max,757.0
2019,armas_apreendidas,391,False,mediana,292.5
2019,armas_apreendidas,391,False,dist_media_mediana,1.944444444444457
2019,armas_apreendidas,391,False,Q1,167.0
2019,armas_apreendidas,391,False,Q2,292.5
2019,armas_apreendidas,391,False,Q3,379.5
2020,armas_apreendidas,130,False,count,18.0
2020,armas_apreendidas,130,False,mean,294.44444444444446
2020,armas_apreendidas,130,False,std,170.84778991916002
2020,armas_apreendidas,130,False,min,65.0
2020,armas_apreendidas,130,False,25%,167.0
2020,armas_apreendidas,130,False,50%,292.5
2020,armas_apreendidas,130,False,75%,379.5
2020,armas_apreendidas,130,False,max,757.0
2020,armas_apreendidas,130,False,mediana,292.5
2020,armas_apreendidas,130,False,dist_media_mediana,1.944444444444457
2020,armas_apreendidas,130,False,Q1,167.0
2020,armas_apreendidas,130,False,Q2,292.5
2020,armas_apreendidas,130,False,Q3,379.5
2021,armas_apreendidas,155,False,count,18.0
2021,armas_apreendidas,155,False,mean,294.44444444444446
2021,armas_apreendidas,155,False,std,170.84778991916002
2021,armas_apreendidas,155,False,min,65.0
2021,armas_apreendidas,155,False,25%,167.0
2021,armas_apreendidas,155,False,50%,292.5
2021,armas_apreendidas,155,False,75%,379.5
2021,armas_apreendidas,155,False,max,757.0
2021,armas_apreendidas,155,False,mediana,292.5
2021,armas_apreendidas,155,False,dist_media_mediana,1.944444444444457
2021,armas_apreendidas,155,False,Q1,167.0
2021,armas_apreendidas,155,False,Q2,292.5
2021,armas_apreendidas,155,False,Q3,379.5
2022,armas_apreendidas,65,False,count,18.0
2022,armas_apreendidas,65,False,mean,294.44444444444446
2022,armas_apreendidas,65,False,std,170.84778991916002
2022,armas_apreendidas,65,False,min,65.0
2022,armas_apreendidas,65,False,25%,167.0
2022,armas_apreendidas,65,False,50%,292.5
2022,armas_apreendidas,65,False,75%,379.5
2022,armas_apreendidas,65,False,max,757.0
2022,armas_apreendidas,65,False,mediana,292.5
2022,armas_apreendidas,65,False,dist_media_mediana,1.944444444444457
2022,armas_apreendidas,65,False,Q1,167.0
2022,armas_apreendidas,65,False,Q2,292.5
2022,armas_apreendidas,65,False,Q3,379.5
2023,armas_apreendidas,188,False,count,18.0
2023,armas_apreendidas,188,False,mean,294.44444444444446
2023,armas_apreendidas,188,False,std,170.84778991916002
2023,armas_apreendidas,188,False,min,65.0
2023,armas_apreendidas,188,False,25%,167.0
2023,armas_apreendidas,188,False,50%,292.5
2023,armas_apreendidas,188,False,75%,379.5
2023,armas_apreendidas,188,False,max,757.0
2023,armas_apreendidas,188,False,mediana,292.5
2023,armas_apreendidas,188,False,dist_media_mediana,1.944444444444457
2023,armas_apreendidas,188,False,Q1,167.0
2023,armas_apreendidas,188,False,Q2,292.5
2023,armas_apreendidas,188,False,Q3,379.5
2024,armas_apreendidas,74,False,count,18.0
2024,armas_apreendidas,74,False,mean,294.44444444444446
2024,armas_apreendidas,74,False,std,170.84778991916002
2024,armas_apreendidas,74,False,min,65.0
2024,armas_apreendidas,74,False,25%,167.0
2024,armas_apreendidas,74,False,50%,292.5
2024,armas_apreendidas,74,False,75%,379.5
2024,armas_apreendidas,74,False,max,757.0
2024,armas_apreendidas,74,False,mediana,292.5
2024,armas_apreendidas,74,False,dist_media_mediana,1.944444444444457
2024,armas_apreendidas,74,False,Q1,167.0
2024,armas_apreendidas,74,False,Q2,292.5
2024,armas_apreendidas,74,False,Q3,379.5
2007,cump_mandado_prisao,106,False,count,18.0
2007,cump_mandado_prisao,106,False,mean,214.66666666666666
2007,cump_mandado_prisao,106,False,std,105.55400067654247
2007,cump_mandado_prisao,106,False,min,45.0
2007,cump_mandado_prisao,106,False,25%,110.25
2007,cump_mandado_prisao,106,False,50%,209.5
2007,cump_mandado_prisao,106,False,75%,313.5
2007,cump_mandado_prisao,106,False,max,385.0
2007,cump_mandado_prisao,106,False,mediana,209.5
2007,cump_mandado_prisao,106,False,dist_media_mediana,5.166666666666657
2007,cump_mandado_prisao,106,False,Q1,110.25
2007,cump_mandado_prisao,106,False,Q2,209.5
2007,cump_mandado_prisao,106,False,Q3,313.5
2008,cump_mandado_prisao,45,False,count,18.0
2008,cump_mandado_prisao,45,False,mean,214.66666666666666
2008,cump_mandado_prisao,45,False,std,105.55400067654247
2008,cump_mandado_prisao,45,False,min,45.0
2008,cump_mandado_prisao,45,False,25%,110.25
2008,cump_mandado_prisao,45,False,50%,209.5
2008,cump_mandado_prisao,45,False,75%,313.5
2008,cump_mandado_prisao,45,False,max,385.0
2008,cump_mandado_prisao,45,False,mediana,209.5
2008,cump_mandado_prisao,45,False,dist_media_mediana,5.166666666666657
2008,cump_mandado_prisao,45,False,Q1,110.25
2008,cump_mandado_prisao,45,False,Q2,209.5
2008,cump_mandado_prisao,45,False,Q3,313.5
2009,cump_mandado_prisao,120,False,count,18.0
2009,cump_mandado_prisao,120,False,mean,214.66666666666666
2009,cump_mandado_prisao,120,False,std,105.55400067654247
2009,cump_mandado_prisao,120,False,min,45.0
2009,cump_mandado_prisao,120,False,25%,110.25
2009,cump_mandado_prisao,120,False,50%,209.5
2009,cump_mandado_prisao,120,False,75%,313.5
2009,cump_mandado_prisao,120,False,max,385.0
2009,cump_mandado_prisao,120,False,mediana,209.5
2009,cump_mandado_prisao,120,False,dist_media_mediana,5.166666666666657
2009,cump_mandado_prisao,120,False,Q1,110.25
2009,cump_mandado_prisao,120,False,Q2,209.5
2009,cump_mandado_prisao,120,False,Q3,313.5
2010,cump_mandado_prisao,158,False,count,18.0
2010,cump_mandado_prisao,158,False,mean,214.66666666666666
2010,cump_mandado_prisao,158,False,std,105.55400067654247
2010,cump_mandado_prisao,158,False,min,45.0
2010,cump_mandado_prisao,158,False,25%,110.25
2010,cump_mandado_prisao,158,False,50%,209.5
2010,cump_mandado_prisao,158,False,75%,313.5
2010,cump_mandado_prisao,158,False,max,385.0
2010,cump_mandado_prisao,158,False,mediana,209.5
2010,cump_mandado_prisao,158,False,dist_media_mediana,5.166666666666657
2010,cump_mandado_prisao,158,False,Q1,110.25
2010,cump_mandado_prisao,158,False,Q2,209.5
2010,cump_mandado_prisao,158,False,Q3,313.5
2011,cump_mandado_prisao,105,False,count,18.0
2011,cump_mandado_prisao,105,False,mean,214.66666666666666
2011,cump_mandado_prisao,105,False,std,105.55400067654247
2011,cump_mandado_prisao,105,False,min,45.0
2011,cump_mandado_prisao,105,False,25%,110.25
2011,cump_mandado_prisao,105,False,50%,209.5
2011,cump_mandado_prisao,105,False,75%,313.5
2011,cump_mandado_prisao,105,False,max,385.0
2011,cump_mandado_prisao,105,False,mediana,209.5
2011,cump_mandado_prisao,105,False,dist_media_mediana,5.166666666666657
2011,cump_mandado_prisao,105,False,Q1,110.25
2011,cump_mandado_prisao,105,False,Q2,209.5
2011,cump_mandado_prisao,105,False,Q3,313.5
2012,cump_mandado_prisao,197,False,count,18.0
2012,cump_mandado_prisao,197,False,mean,214.66666666666666
2012,cump_mandado_prisao,197,False,std,105.55400067654247
2012,cump_mandado_prisao,197,False,min,45.0
2012,cump_mandado_prisao,197,False,25%,110.25
2012,cump_mandado_prisao,197,False,50%,209.5
2012,cump_mandado_prisao,197,False,75%,313.5
2012,cump_mandado_prisao,197,False,max,385.0
2012,cump_mandado_prisao,197,False,mediana,209.5
2012,cump_mandado_prisao,197,False,dist_media_mediana,5.166666666666657
2012,cump_mandado_prisao,197,False,Q1,110.25
2012,cump_mandado_prisao,197,False,Q2,209.5
2012,cump_mandado_prisao,197,False,Q3,313.5
2013,cump_mandado_prisao,222,False,count,18.0
2013,cump_mandado_prisao,222,False,mean,214.66666666666666
2013,cump_mandado_prisao,222,False,std,105.55400067654247
2013,cump_mandado_prisao,222,False,min,45.0
2013,cump_mandado_prisao,222,False,25%,110.25
2013,cump_mandado_prisao,222,False,50%,209.5
2013,cump_mandado_prisao,222,False,75%,313.5
2013,cump_mandado_prisao,222,False,max,385.0
2013,cump_mandado_prisao,222,False,mediana,209.5
2013,cump_mandado_prisao,222,False,dist_media_mediana,5.166666666666657
2013,cump_mandado_prisao,222,False,Q1,110.25
2013,cump_mandado_prisao,222,False,Q2,209.5
2013,cump_mandado_prisao,222,False,Q3,313.5
2014,cump_mandado_prisao,333,False,count,18.0
2014,cump_mandado_prisao,333,False,mean,214.66666666666666
2014,cump_mandado_prisao,333,False,std,105.55400067654247
2014,cump_mandado_prisao,333,False,min,45.0
2014,cump_mandado_prisao,333,False,25%,110.25
2014,cump_mandado_prisao,333,False,50%,209.5
2014,cump_mandado_prisao,333,False,75%,313.5
2014,cump_mandado_prisao,333,False,max,385.0
2014,cump_mandado_prisao,333,False,mediana,209.5
2014,cump_mandado_prisao,333,False,dist_media_mediana,5.166666666666657
2014,cump_mandado_prisao,333,False,Q1,110.25
2014,cump_mandado_prisao,333,False,Q2,209.5
2014,cump_mandado_prisao,333,False,Q3,313.5
2015,cump_mandado_prisao,335,False,count,18.0
2015,cump_mandado_prisao,335,False,mean,214.66666666666666
2015,cump_mandado_prisao,335,False,std,105.55400067654247
2015,cump_mandado_prisao,335,False,min,45.0
2015,cump_mandado_prisao,335,False,25%,110.25
2015,cump_mandado_prisao,335,False,50%,209.5
2015,cump_mandado_prisao,335,False,75%,313.5
2015,cump_mandado_prisao,335,False,max,385.0
2015,cump_mandado_prisao,335,False,mediana,209.5
2015,cump_mandado_prisao,335,False,dist_media_mediana,5.166666666666657
2015,cump_mandado_prisao,335,False,Q1,110.25
2015,cump_mandado_prisao,335,False,Q2,209.5
2015,cump_mandado_prisao,335,False,Q3,313.5
2016,cump_mandado_prisao,267,False,count,18.0
2016,cump_mandado_prisao,267,False,mean,214.66666666666666
2016,cump_mandado_prisao,267,False,std,105.55400067654247
2016,cump_mandado_prisao,267,False,min,45.0
2016,cump_mandado_prisao,267,False,25%,110.25
2016,cump_mandado_prisao,267,False,50%,209.5
2016,cump_mandado_prisao,267,False,75%,313.5
2016,cump_mandado_prisao,267,False,max,385.0
2016,cump_mandado_prisao,267,False,mediana,209.5
2016,cump_mandado_prisao,267,False,dist_media_mediana,5.166666666666657
2016,cump_mandado_prisao,267,False,Q1,110.25
2016,cump_mandado_prisao,267,False,Q2,209.5
2016,cump_mandado_prisao,267,False,Q3,313.5
2017,cump_mandado_prisao,385,False,count,18.0
2017,cump_mandado_prisao,385,False,mean,214.66666666666666
2017,cump_mandado_prisao,385,False,std,105.55400067654247
2017,cump_mandado_prisao,385,False,min,45.0
2017,cump_mandado_prisao,385,False,25%,110.25
2017,cump_mandado_prisao,385,False,50%,209.5
2017,cump_mandado_prisao,385,False,75%,313.5
2017,cump_mandado_prisao,385,False,max,385.0
2017,cump_mandado_prisao,385,False,mediana,209.5
2017,cump_mandado_prisao,385,False,dist_media_mediana,5.166666666666657
2017,cump_mandado_prisao,385,False,Q1,110.25
2017,cump_mandado_prisao,385,False,Q2,209.5
2017,cump_mandado_prisao,385,False,Q3,313.5
2018,cump_mandado_prisao,329,False,count,18.0
2018,cump_mandado_prisao,329,False,mean,214.66666666666666
2018,cump_mandado_prisao,329,False,std,105.55400067654247
2018,cump_mandado_prisao,329,False,min,45.0
2018,cump_mandado_prisao,329,False,25%,110.25
2018,cump_mandado_prisao,329,False,50%,209.5
2018,cump_mandado_prisao,329,False,75%,313.5
2018,cump_mandado_prisao,329,False,max,385.0
2018,cump_mandado_prisao,329,False,mediana,209.5
2018,cump_mandado_prisao,329,False,dist_media_mediana,5.166666666666657
2018,cump_mandado_prisao,329,False,Q1,110.25
2018,cump_mandado_prisao,329,False,Q2,209.5
2018,cump_mandado_prisao,329,False,Q3,313.5
2019,cump_mandado_prisao,361,False,count,18.0
2019,cump_mandado_prisao,361,False,mean,214.66666666666666
2019,cump_mandado_prisao,361,False,std,105.55400067654247
2019,cump_mandado_prisao,361,False,min,45.0
2019,cump_mandado_prisao,361,False,25%,110.25
2019,cump_mandado_prisao,361,False,50%,209.5
2019,cump_mandado_prisao,361,False,75%,313.5
2019,cump_mandado_prisao,361,False,max,385.0
2019,cump_mandado_prisao,361,False,mediana,209.5
2019,cump_mandado_prisao,361,False,dist_media_mediana,5.166666666666657
2019,cump_mandado_prisao,361,False,Q1,110.25
2019,cump_mandado_prisao,361,False,Q2,209.5
2019,cump_mandado_prisao,361,False,Q3,313.5
2020,cump_mandado_prisao,247,False,count,18.0
2020,cump_mandado_prisao,247,False,mean,214.66666666666666
2020,cump_mandado_prisao,247,False,std,105.55400067654247
2020,cump_mandado_prisao,247,False,min,45.0
2020,cump_mandado_prisao,247,False,25%,110.25
2020,cump_mandado_prisao,247,False,50%,209.5
2020,cump_mandado_prisao,247,False,75%,313.5
2020,cump_mandado_prisao,247,False,max,385.0
2020,cump_mandado_prisao,247,False,mediana,209.5
2020,cump_mandado_prisao,247,False,dist_media_mediana,5.166666666666657
2020,cump_mandado_prisao,247,False,Q1,110.25
2020,cump_mandado_prisao,247,False,Q2,209.5
2020,cump_mandado_prisao,247,False,Q3,313.5
2021,cump_mandado_prisao,192,False,count,18.0
2021,cump_mandado_prisao,192,False,mean,214.66666666666666
2021,cump_mandado_prisao,192,False,std,105.55400067654247
2021,cump_mandado_prisao,192,False,min,45.0
2021,cump_mandado_prisao,192,False,25%,110.25
2021,cump_mandado_prisao,192,False,50%,209.5
2021,cump_mandado_prisao,192,False,75%,313.5
2021,cump_mandado_prisao,192,False,max,385.0
2021,cump_mandado_prisao,192,False,mediana,209.5
2021,cump_mandado_prisao,192,False,dist_media_mediana,5.166666666666657
2021,cump_mandado_prisao,192,False,Q1,110.25
2021,cump_mandado_prisao,192,False,Q2,209.5
2021,cump_mandado_prisao,192,False,Q3,313.5
2022,cump_mandado_prisao,95,False,count,18.0
2022,cump_mandado_prisao,95,False,mean,214.66666666666666
2022,cump_mandado_prisao,95,False,std,105.55400067654247
2022,cump_mandado_prisao,95,False,min,45.0
2022,cump_mandado_prisao,95,False,25%,110.25
2022,cump_mandado_prisao,95,False,50%,209.5
2022,cump_mandado_prisao,95,False,75%,313.5
2022,cump_mandado_prisao,95,False,max,385.0
2022,cump_mandado_prisao,95,False,mediana,209.5
2022,cump_mandado_prisao,95,False,dist_media_mediana,5.166666666666657
2022,cump_mandado_prisao,95,False,Q1,110.25
2022,cump_mandado_prisao,95,False,Q2,209.5
2022,cump_mandado_prisao,95,False,Q3,313.5
2023,cump_mandado_prisao,260,False,count,18.0
2023,cump_mandado_prisao,260,False,mean,214.66666666666666
2023,cump_mandado_prisao,260,False,std,105.55400067654247
2023,cump_mandado_prisao,260,False,min,45.0
2023,cump_mandado_prisao,260,False,25%,110.25
2023,cump_mandado_prisao,260,False,50%,209.5
2023,cump_mandado_prisao,260,False,75%,313.5
2023,cump_mandado_prisao,260,False,max,385.0
2023,cump_mandado_prisao,260,False,mediana,209.5
2023,cump_mandado_prisao,260,False,dist_media_mediana,5.166666666666657
2023,cump_mandado_prisao,260,False,Q1,110.25
2023,cump_mandado_prisao,260,False,Q2,209.5
2023,cump_mandado_prisao,260,False,Q3,313.5
2024,cump_mandado_prisao,107,False,count,18.0
2024,cump_mandado_prisao,107,False,mean,214.66666666666666
2024,cump_mandado_prisao,107,False,std,105.55400067654247
2024,cump_mandado_prisao,107,False,min,45.0
2024,cump_mandado_prisao,107,False,25%,110.25
2024,cump_mandado_prisao,107,False,50%,209.5
2024,cump_mandado_prisao,107,False,75%,313.5
2024,cump_mandado_prisao,107,False,max,385.0
2024,cump_mandado_prisao,107,False,mediana,209.5
2024,cump_mandado_prisao,107,False,dist_media_mediana,5.166666666666657
2024,cump_mandado_prisao,107,False,Q1,110.25
2024,cump_mandado_prisao,107,False,Q2,209.5
2024,cump_mandado_prisao,107,False,Q3,313.5
2007,ocorr_flagrante,381,False,count,18.0
2007,ocorr_flagrante,381,False,mean,862.1111111111111
2007,ocorr_flagrante,381,False,std,479.77333973068977
2007,ocorr_flagrante,381,False,min,239.0
2007,ocorr_flagrante,381,False,25%,520.5
2007,ocorr_flagrante,381,False,50%,754.5
2007,ocorr_flagrante,381,False,75%,1163.75
2007,ocorr_flagrante,381,False,max,1783.0
2007,ocorr_flagrante,381,False,mediana,754.5
2007,ocorr_flagrante,381,False,dist_media_mediana,107.61111111111109
2007,ocorr_flagrante,381,False,Q1,520.5
2007,ocorr_flagrante,381,False,Q2,754.5
2007,ocorr_flagrante,381,False,Q3,1163.75
2008,ocorr_flagrante,343,False,count,18.0
2008,ocorr_flagrante,343,False,mean,862.1111111111111
2008,ocorr_flagrante,343,False,std,479.77333973068977
2008,ocorr_flagrante,343,False,min,239.0
2008,ocorr_flagrante,343,False,25%,520.5
2008,ocorr_flagrante,343,False,50%,754.5
2008,ocorr_flagrante,343,False,75%,1163.75
2008,ocorr_flagrante,343,False,max,1783.0
2008,ocorr_flagrante,343,False,mediana,754.5
2008,ocorr_flagrante,343,False,dist_media_mediana,107.61111111111109
2008,ocorr_flagrante,343,False,Q1,520.5
2008,ocorr_flagrante,343,False,Q2,754.5
2008,ocorr_flagrante,343,False,Q3,1163.75
2009,ocorr_flagrante,576,False,count,18.0
2009,ocorr_flagrante,576,False,mean,862.1111111111111
2009,ocorr_flagrante,576,False,std,479.77333973068977
2009,ocorr_flagrante,576,False,min,239.0
2009,ocorr_flagrante,576,False,25%,520.5
2009,ocorr_flagrante,576,False,50%,754.5
2009,ocorr_flagrante,576,False,75%,1163.75
2009,ocorr_flagrante,576,False,max,1783.0
2009,ocorr_flagrante,576,False,mediana,754.5
2009,ocorr_flagrante,576,False,dist_media_mediana,107.61111111111109
2009,ocorr_flagrante,576,False,Q1,520.5
2009,ocorr_flagrante,576,False,Q2,754.5
2009,ocorr_flagrante,576,False,Q3,1163.75
2010,ocorr_flagrante,642,False,count,18.0
2010,ocorr_flagrante,642,False,mean,862.1111111111111
2010,ocorr_flagrante,642,False,std,479.77333973068977
2010,ocorr_flagrante,642,False,min,239.0
2010,ocorr_flagrante,642,False,25%,520.5
2010,ocorr_flagrante,642,False,50%,754.5
2010,ocorr_flagrante,642,False,75%,1163.75
2010,ocorr_flagrante,642,False,max,1783.0
2010,ocorr_flagrante,642,False,mediana,754.5
2010,ocorr_flagrante,642,False,dist_media_mediana,107.61111111111109
2010,ocorr_flagrante,642,False,Q1,520.5
2010,ocorr_flagrante,642,False,Q2,754.5
2010,ocorr_flagrante,642,False,Q3,1163.75
2011,ocorr_flagrante,887,False,count,18.0
2011,ocorr_flagrante,887,False,mean,862.1111111111111
2011,ocorr_flagrante,887,False,std,479.77333973068977
2011,ocorr_flagrante,887,False,min,239.0
2011,ocorr_flagrante,887,False,25%,520.5
2011,ocorr_flagrante,887,False,50%,754.5
2011,ocorr_flagrante,887,False,75%,1163.75
2011,ocorr_flagrante,887,False,max,1783.0
2011,ocorr_flagrante,887,False,mediana,754.5
2011,ocorr_flagrante,887,False,dist_media_mediana,107.61111111111109
2011,ocorr_flagrante,887,False,Q1,520.5
2011,ocorr_flagrante,887,False,Q2,754.5
2011,ocorr_flagrante,887,False,Q3,1163.75
2012,ocorr_flagrante,1184,False,count,18.0
2012,ocorr_flagrante,1184,False,mean,862.1111111111111
2012,ocorr_flagrante,1184,False,std,479.77333973068977
2012,ocorr_flagrante,1184,False,min,239.0
2012,ocorr_flagrante,1184,False,25%,520.5
2012,ocorr_flagrante,1184,False,50%,754.5
2012,ocorr_flagrante,1184,False,75%,1163.75
2012,ocorr_flagrante,1184,False,max,1783.0
2012,ocorr_flagrante,1184,False,mediana,754.5
2012,ocorr_flagrante,1184,False,dist_media_mediana,107.61111111111109
2012,ocorr_flagrante,1184,False,Q1,520.5
2012,ocorr_flagrante,1184,False,Q2,754.5
2012,ocorr_flagrante,1184,False,Q3,1163.75
2013,ocorr_flagrante,1475,False,count,18.0
2013,ocorr_flagrante,1475,False,mean,862.1111111111111
2013,ocorr_flagrante,1475,False,std,479.77333973068977
2013,ocorr_flagrante,1475,False,min,239.0
2013,ocorr_flagrante,1475,False,25%,520.5
2013,ocorr_flagrante,1475,False,50%,754.5
2013,ocorr_flagrante,1475,False,75%,1163.75
2013,ocorr_flagrante,1475,False,max,1783.0
2013,ocorr_flagrante,1475,False,mediana,754.5
2013,ocorr_flagrante,1475,False,dist_media_mediana,107.61111111111109
2013,ocorr_flagrante,1475,False,Q1,520.5
2013,ocorr_flagrante,1475,False,Q2,754.5
2013,ocorr_flagrante,1475,False,Q3,1163.75
2014,ocorr_flagrante,1625,False,count,18.0
2014,ocorr_flagrante,1625,False,mean,862.1111111111111
2014,ocorr_flagrante,1625,False,std,479.77333973068977
2014,ocorr_flagrante,1625,False,min,239.0
2014,ocorr_flagrante,1625,False,25%,520.5
2014,ocorr_flagrante,1625,False,50%,754.5
2014,ocorr_flagrante,1625,False,75%,1163.75
2014,ocorr_flagrante,1625,False,max,1783.0
2014,ocorr_flagrante,1625,False,mediana,754.5
2014,ocorr_flagrante,1625,False,dist_media_mediana,107.61111111111109
2014,ocorr_flagrante,1625,False,Q1,520.5
2014,ocorr_flagrante,1625,False,Q2,754.5
2014,ocorr_flagrante,1625,False,Q3,1163.75
2015,ocorr_flagrante,1783,False,count,18.0
2015,ocorr_flagrante,1783,False,mean,862.1111111111111
2015,ocorr_flagrante,1783,False,std,479.77333973068977
2015,ocorr_flagrante,1783,False,min,239.0
2015,ocorr_flagrante,1783,False,25%,520.5
2015,ocorr_flagrante,1783,False,50%,754.5
2015,ocorr_flagrante,1783,False,75%,1163.75
2015,ocorr_flagrante,1783,False,max,1783.0
2015,ocorr_flagrante,1783,False,mediana,754.5
2015,ocorr_flagrante,1783,False,dist_media_mediana,107.61111111111109
2015,ocorr_flagrante,1783,False,Q1,520.5
2015,ocorr_flagrante,1783,False,Q2,754.5
2015,ocorr_flagrante,1783,False,Q3,1163.75
2016,ocorr_flagrante,1398,False,count,18.0
2016,ocorr_flagrante,1398,False,mean,862.1111111111111
2016,ocorr_flagrante,1398,False,std,479.77333973068977
2016,ocorr_flagrante,1398,False,min,239.0
2016,ocorr_flagrante,1398,False,25%,520.5
2016,ocorr_flagrante,1398,False,50%,754.5
2016,ocorr_flagrante,1398,False,75%,1163.75
2016,ocorr_flagrante,1398,False,max,1783.0
2016,ocorr_flagrante,1398,False,mediana,754.5
2016,ocorr_flagrante,1398,False,dist_media_mediana,107.61111111111109
2016,ocorr_flagrante,1398,False,Q1,520.5
2016,ocorr_flagrante,1398,False,Q2,754.5
2016,ocorr_flagrante,1398,False,Q3,1163.75
2017,ocorr_flagrante,1103,False,count,18.0
2017,ocorr_flagrante,1103,False,mean,862.1111111111111
2017,ocorr_flagrante,1103,False,std,479.77333973068977
2017,ocorr_flagrante,1103,False,min,239.0
2017,ocorr_flagrante,1103,False,25%,520.5
2017,ocorr_flagrante,1103,False,50%,754.5
2017,ocorr_flagrante,1103,False,75%,1163.75
2017,ocorr_flagrante,1103,False,max,1783.0
2017,ocorr_flagrante,1103,False,mediana,754.5
2017,ocorr_flagrante,1103,False,dist_media_mediana,107.61111111111109
2017,ocorr_flagrante,1103,False,Q1,520.5
2017,ocorr_flagrante,1103,False,Q2,754.5
2017,ocorr_flagrante,1103,False,Q3,1163.75
2018,ocorr_flagrante,1032,False,count,18.0
2018,ocorr_flagrante,1032,False,mean,862.1111111111111
2018,ocorr_flagrante,1032,False,std,479.77333973068977
2018,ocorr_flagrante,1032,False,min,239.0
2018,ocorr_flagrante,1032,False,25%,520.5
2018,ocorr_flagrante,1032,False,50%,754.5
2018,ocorr_flagrante,1032,False,75%,1163.75
2018,ocorr_flagrante,1032,False,max,1783.0
2018,ocorr_flagrante,1032,False,mediana,754.5
2018,ocorr_flagrante,1032,False,dist_media_mediana,107.61111111111109
2018,ocorr_flagrante,1032,False,Q1,520.5
2018,ocorr_flagrante,1032,False,Q2,754.5
2018,ocorr_flagrante,1032,False,Q3,1163.75
2019,ocorr_flagrante,867,False,count,18.0
2019,ocorr_flagrante,867,False,mean,862.1111111111111
2019,ocorr_flagrante,867,False,std,479.77333973068977
2019,ocorr_flagrante,867,False,min,239.0
2019,ocorr_flagrante,867,False,25%,520.5
2019,ocorr_flagrante,867,False,50%,754.5
2019,ocorr_flagrante,867,False,75%,1163.75
2019,ocorr_flagrante,867,False,max,1783.0
2019,ocorr_flagrante,867,False,mediana,754.5
2019,ocorr_flagrante,867,False,dist_media_mediana,107.61111111111109
2019,ocorr_flagrante,867,False,Q1,520.5
2019,ocorr_flagrante,867,False,Q2,754.5
2019,ocorr_flagrante,867,False,Q3,1163.75
2020,ocorr_flagrante,633,False,count,18.0
2020,ocorr_flagrante,633,False,mean,862.1111111111111
2020,ocorr_flagrante,633,False,std,479.77333973068977
2020,ocorr_flagrante,633,False,min,239.0
2020,ocorr_flagrante,633,False,25%,520.5
2020,ocorr_flagrante,633,False,50%,754.5
2020,ocorr_flagrante,633,False,75%,1163.75
2020,ocorr_flagrante,633,False,max,1783.0
2020,ocorr_flagrante,633,False,mediana,754.5
2020,ocorr_flagrante,633,False,dist_media_mediana,107.61111111111109
2020,ocorr_flagrante,633,False,Q1,520.5
2020,ocorr_flagrante,633,False,Q2,754.5
2020,ocorr_flagrante,633,False,Q3,1163.75
2021,ocorr_flagrante,504,False,count,18.0
2021,ocorr_flagrante,504,False,mean,862.1111111111111
2021,ocorr_flagrante,504,False,std,479.77333973068977
2021,ocorr_flagrante,504,False,min,239.0
2021,ocorr_flagrante,504,False,25%,520.5
2021,ocorr_flagrante,504,False,50%,754.5
2021,ocorr_flagrante,504,False,75%,1163.75
2021,ocorr_flagrante,504,False,max,1783.0
2021,ocorr_flagrante,504,False,mediana,754.5
2021,ocorr_flagrante,504,False,dist_media_mediana,107.61111111111109
2021,ocorr_flagrante,504,False,Q1,520.5
2021,ocorr_flagrante,504,False,Q2,754.5
2021,ocorr_flagrante,504,False,Q3,1163.75
2022,ocorr_flagrante,276,False,count,18.0
2022,ocorr_flagrante,276,False,mean,862.1111111111111
2022,ocorr_flagrante,276,False,std,479.77333973068977
2022,ocorr_flagrante,276,False,min,239.0
2022,ocorr_flagrante,276,False,25%,520.5
2022,ocorr_flagrante,276,False,50%,754.5
2022,ocorr_flagrante,276,False,75%,1163.75
2022,ocorr_flagrante,276,False,max,1783.0
2022,ocorr_flagrante,276,False,mediana,754.5
2022,ocorr_flagrante,276,False,dist_media_mediana,107.61111111111109
2022,ocorr_flagrante,276,False,Q1,520.5
2022,ocorr_flagrante,276,False,Q2,754.5
2022,ocorr_flagrante,276,False,Q3,1163.75
2023,ocorr_flagrante,570,False,count,18.0
2023,ocorr_flagrante,570,False,mean,862.1111111111111
2023,ocorr_flagrante,570,False,std,479.77333973068977
2023,ocorr_flagrante,570,False,min,239.0
2023,ocorr_flagrante,570,False,25%,520.5
2023,ocorr_flagrante,570,False,50%,754.5
2023,ocorr_flagrante,570,False,75%,1163.75
2023,ocorr_flagrante,570,False,max,1783.0
2023,ocorr_flagrante,570,False,mediana,754.5
2023,ocorr_flagrante,570,False,dist_media_mediana,107.61111111111109
2023,ocorr_flagrante,570,False,Q1,520.5
2023,ocorr_flagrante,570,False,Q2,754.5
2023,ocorr_flagrante,570,False,Q3,1163.75
2024,ocorr_flagrante,239,False,count,18.0
2024,ocorr_flagrante,239,False,mean,862.1111111111111
2024,ocorr_flagrante,239,False,std,479.77333973068977
2024,ocorr_flagrante,239,False,min,239.0
2024,ocorr_flagrante,239,False,25%,520.5
2024,ocorr_flagrante,239,False,50%,754.5
2024,ocorr_flagrante,239,False,75%,1163.75
2024,ocorr_flagrante,239,False,max,1783.0
2024,ocorr_flagrante,239,False,mediana,754.5
2024,ocorr_flagrante,239,False,dist_media_mediana,107.61111111111109
2024,ocorr_flagrante,239,False,Q1,520.5
2024,ocorr_flagrante,239,False,Q2,754.5
2024,ocorr_flagrante,239,False,Q3,1163.75
